{
  "target": "action_1d",
  "n_folds": 4,
  "oof_auc_lgbm": 0.5282932151762663,
  "oof_auc_ae_lgbm": 0.5120122799118104,
  "oof_auc_ae_lr": 0.5076454406698202,
  "oof_auc_blend": 0.5273927051712738,
  "oof_auc": 0.5282932151762663,
  "fold_aucs": [
    0.5473018545448012,
    0.5451001704731971,
    0.5298358917141159,
    0.5115185433663717
  ],
  "oof_coverage": 0.7999741902180927,
  "best_params": {
    "objective": "binary",
    "metric": "auc",
    "learning_rate": 0.026228524164513243,
    "num_leaves": 31,
    "min_data_in_leaf": 99,
    "feature_fraction": 0.6375696272976942,
    "bagging_fraction": 0.506302911936519,
    "bagging_freq": 3,
    "min_gain_to_split": 0.0,
    "lambda_l1": 0.00920988370119491,
    "lambda_l2": 0.8574644727547301,
    "n_estimators": 2000,
    "random_state": 42,
    "n_jobs": -1,
    "verbose": -1
  }
}