{
  "target": "action_1d",
  "n_folds": 4,
  "oof_auc_lgbm": 0.525961665381222,
  "oof_auc_ae_lgbm": 0.5346560646986538,
  "oof_auc_ae_lr": 0.525672862310135,
  "oof_auc_blend": 0.5384577148543108,
  "sharpe_oof_proxy": 0.04956512218400951,
  "oof_score_official": 0.4858036664759153,
  "decision_pred_head": "blend",
  "decision_meta": {
    "coef": 5.0,
    "decay": 0.5,
    "threshold": 0.0,
    "clip_low": 0.0,
    "clip_high": 2.0,
    "vol_window": 20,
    "coverage_floor": 0.05,
    "coverage": 0.49766091305049204,
    "regime_enabled": true,
    "oof_score_official": 0.4858036664759153
  },
  "oof_auc": 0.525961665381222,
  "fold_aucs": [
    0.5335776235442371,
    0.5308418715325467,
    0.5001060053022235,
    0.5332241362102743
  ],
  "oof_coverage": 0.7999741902180927,
  "best_params": {
    "objective": "binary",
    "metric": "auc",
    "learning_rate": 0.03,
    "num_leaves": 48,
    "min_data_in_leaf": 20,
    "feature_fraction": 0.7,
    "bagging_fraction": 0.8,
    "bagging_freq": 1,
    "min_gain_to_split": 0.0001,
    "lambda_l1": 0.05,
    "lambda_l2": 0.05,
    "n_estimators": 3000,
    "random_state": 42,
    "n_jobs": -1,
    "verbose": -1
  }
}