{
  "target": "action_1d",
  "n_folds": 4,
  "oof_auc_lgbm": 0.5252147697363889,
  "oof_auc_ae_lgbm": 0.5242973065749994,
  "oof_auc_ae_lr": 0.5158791128637534,
  "oof_auc_blend": 0.5358355514307402,
  "oof_auc": 0.5252147697363889,
  "fold_aucs": [
    0.5214543179651405,
    0.5389441784424815,
    0.5323736349268704,
    0.5312791018418817
  ],
  "oof_coverage": 0.7999741902180927,
  "best_params": {
    "objective": "binary",
    "metric": "auc",
    "learning_rate": 0.03,
    "num_leaves": 48,
    "min_data_in_leaf": 20,
    "feature_fraction": 0.7,
    "bagging_fraction": 0.8,
    "bagging_freq": 1,
    "min_gain_to_split": 0.0001,
    "lambda_l1": 0.05,
    "lambda_l2": 0.05,
    "n_estimators": 3000,
    "random_state": 42,
    "n_jobs": -1,
    "verbose": -1
  }
}