{
  "target": "action_1d",
  "n_folds": 4,
  "oof_auc": 0.5268377465613365,
  "fold_aucs": [
    0.559464016055985,
    0.5460975960346925,
    0.510343597198361,
    0.5245816431443519
  ],
  "oof_coverage": 0.7999741902180927,
  "best_params": {
    "objective": "binary",
    "metric": "auc",
    "learning_rate": 0.03,
    "num_leaves": 48,
    "min_data_in_leaf": 20,
    "feature_fraction": 0.7,
    "bagging_fraction": 0.8,
    "bagging_freq": 1,
    "min_gain_to_split": 0.005,
    "lambda_l1": 0.1,
    "lambda_l2": 0.1,
    "n_estimators": 3000,
    "random_state": 42,
    "n_jobs": -1,
    "verbose": -1
  }
}