{
  "target": "action_1d",
  "n_folds": 4,
  "oof_auc_lgbm": 0.5343523477237114,
  "oof_auc_ae_lgbm": 0.5408015596823181,
  "oof_auc_ae_lr": 0.5290398787989475,
  "oof_auc_blend": 0.5427204820460754,
  "sharpe_oof_proxy": 0.056990709619174906,
  "oof_score_official": 0.5434967956376837,
  "decision_pred_head": "blend",
  "decision_meta": {
    "coef": 5.0,
    "decay": 0.5,
    "threshold": 0.0,
    "clip_low": 0.0,
    "clip_high": 2.0,
    "vol_window": 20,
    "coverage_floor": 0.05,
    "coverage": 0.47652847233424744,
    "regime_enabled": true,
    "oof_score_official": 0.5434967956376837
  },
  "oof_auc": 0.5343523477237114,
  "fold_aucs": [
    0.5348930640482432,
    0.5444894279543838,
    0.5190796139422875,
    0.5410264085642684
  ],
  "oof_coverage": 0.7999741902180927,
  "best_params": {
    "objective": "binary",
    "metric": "auc",
    "learning_rate": 0.03,
    "num_leaves": 48,
    "min_data_in_leaf": 20,
    "feature_fraction": 0.7,
    "bagging_fraction": 0.8,
    "bagging_freq": 1,
    "min_gain_to_split": 0.0001,
    "lambda_l1": 0.05,
    "lambda_l2": 0.05,
    "n_estimators": 3000,
    "random_state": 42,
    "n_jobs": -1,
    "verbose": -1
  }
}