{
  "target": "action_1d",
  "n_folds": 4,
  "oof_auc": 0.5246665708422402,
  "fold_aucs": [
    0.5726656607925437,
    0.5241735954514037,
    0.5220910189502541,
    0.5260171857822445
  ],
  "oof_coverage": 0.7999741902180927,
  "best_params": {
    "objective": "binary",
    "metric": "auc",
    "learning_rate": 0.03,
    "num_leaves": 48,
    "min_data_in_leaf": 20,
    "feature_fraction": 0.9,
    "bagging_fraction": 0.8,
    "bagging_freq": 1,
    "n_estimators": 3000,
    "random_state": 42,
    "n_jobs": -1,
    "verbose": -1
  }
}