{
  "target": "action_1d",
  "n_folds": 4,
  "oof_auc_lgbm": 0.5343523477237114,
  "oof_auc_ae_lgbm": 0.5408015596823181,
  "oof_auc_ae_lr": 0.5290422235176695,
  "oof_auc_blend": 0.542726218958177,
  "sharpe_oof_proxy": 0.03503898673045308,
  "oof_score_official": 0.15642379681910282,
  "decision_pred_head": "blend",
  "decision_meta": {
    "coef": 0.40412802156855643,
    "decay": 0.5526059336090072,
    "threshold": 0.005279806460319725,
    "shape": "tilt1",
    "nonlinear": "tanh",
    "center_shift": -0.01,
    "ema_enable": true,
    "ema_alpha": 0.1,
    "clip_low": 0.0,
    "clip_high": 2.0,
    "min_inv": 0.0,
    "max_inv": 2.0,
    "vol_window": 5,
    "vol_source": "pred",
    "coverage_floor": 0.05,
    "coverage": 1.0,
    "regime_enabled": false,
    "oof_score_official": 0.15642379681910282
  },
  "oof_auc": 0.5343523477237114,
  "fold_aucs": [
    0.5348930640482432,
    0.5444894279543838,
    0.5190796139422875,
    0.5410264085642684
  ],
  "oof_coverage": 0.7999741902180927,
  "best_params": {
    "objective": "binary",
    "metric": "auc",
    "learning_rate": 0.03,
    "num_leaves": 48,
    "min_data_in_leaf": 20,
    "feature_fraction": 0.7,
    "bagging_fraction": 0.8,
    "bagging_freq": 1,
    "min_gain_to_split": 0.0001,
    "lambda_l1": 0.05,
    "lambda_l2": 0.05,
    "n_estimators": 3000,
    "random_state": 42,
    "n_jobs": -1,
    "verbose": -1
  }
}