{
  "target": "action_1d",
  "n_folds": 4,
  "oof_auc": 0.5178980609077418,
  "fold_aucs": [
    0.5206314073671523,
    0.5207080762492458,
    0.5332570796918271,
    0.5186233272083638
  ],
  "oof_coverage": 0.7999741902180927,
  "best_params": {
    "objective": "binary",
    "metric": "auc",
    "learning_rate": 0.03,
    "num_leaves": 48,
    "min_data_in_leaf": 20,
    "feature_fraction": 0.7,
    "bagging_fraction": 0.8,
    "bagging_freq": 1,
    "min_gain_to_split": 0.005,
    "lambda_l1": 0.1,
    "lambda_l2": 0.1,
    "n_estimators": 3000,
    "random_state": 42,
    "n_jobs": -1,
    "verbose": -1
  }
}