{
  "target": "action_1d",
  "n_folds": 4,
  "oof_auc_lgbm": 0.5318980503406879,
  "oof_auc_ae_lgbm": 0.5362991362096203,
  "oof_auc_ae_lr": 0.5367109889512465,
  "oof_auc_blend": 0.543407740767109,
  "sharpe_oof_proxy": 0.05042349714930863,
  "decision_pred_head": "blend",
  "decision_meta": {
    "coef": 5.0,
    "decay": 0.5,
    "threshold": 0.0,
    "clip_low": 0.0,
    "clip_high": 2.0,
    "vol_window": 20,
    "coverage_floor": 0.05,
    "coverage": 0.4763671559929021,
    "regime_enabled": true
  },
  "oof_auc": 0.5318980503406879,
  "fold_aucs": [
    0.5352995924110083,
    0.5363596249062296,
    0.5234911757811737,
    0.5457710365559334
  ],
  "oof_coverage": 0.7999741902180927,
  "best_params": {
    "objective": "binary",
    "metric": "auc",
    "learning_rate": 0.03,
    "num_leaves": 48,
    "min_data_in_leaf": 20,
    "feature_fraction": 0.7,
    "bagging_fraction": 0.8,
    "bagging_freq": 1,
    "min_gain_to_split": 0.0001,
    "lambda_l1": 0.05,
    "lambda_l2": 0.05,
    "n_estimators": 3000,
    "random_state": 42,
    "n_jobs": -1,
    "verbose": -1
  }
}