{
  "target": "action_1d",
  "n_folds": 4,
  "oof_auc": 0.5065957145774165,
  "fold_aucs": [
    0.5405263779655218,
    0.531869484610685,
    0.49649658786262535,
    0.5082853594931938
  ],
  "oof_coverage": 0.7999741902180927,
  "best_params": {
    "objective": "binary",
    "metric": "auc",
    "learning_rate": 0.01,
    "num_leaves": 48,
    "min_data_in_leaf": 50,
    "feature_fraction": 0.9,
    "bagging_fraction": 0.8,
    "bagging_freq": 1,
    "n_estimators": 3000,
    "random_state": 42,
    "n_jobs": -1,
    "verbose": -1
  }
}