{
  "target": "action_1d",
  "n_folds": 4,
  "oof_auc_lgbm": 0.5268284951253422,
  "oof_auc_ae_lgbm": 0.5116394358625295,
  "oof_auc_ae_lr": 0.5077543991158467,
  "oof_auc_blend": 0.5271921066104455,
  "oof_auc": 0.5268284951253422,
  "fold_aucs": [
    0.5189907035328397,
    0.5583800327697628,
    0.5155910439197531,
    0.5304279397472903
  ],
  "oof_coverage": 0.7999741902180927,
  "best_params": {
    "objective": "binary",
    "metric": "auc",
    "learning_rate": 0.010429184581503298,
    "num_leaves": 47,
    "min_data_in_leaf": 32,
    "feature_fraction": 0.563694123084414,
    "bagging_fraction": 0.8297305001254016,
    "bagging_freq": 1,
    "min_gain_to_split": 0.0,
    "lambda_l1": 0.2957327820467284,
    "lambda_l2": 0.1423567113884096,
    "n_estimators": 2000,
    "random_state": 42,
    "n_jobs": -1,
    "verbose": -1
  }
}