{"mode": "tilt1", "coef": 0.40412802156855643, "center_shift": 0.0, "decay": 0.5526059336090072, "vol_window": 5}