{
  "target": "action_1d",
  "n_folds": 4,
  "oof_auc": 0.5274892862948068,
  "fold_aucs": [
    0.5583271969691368,
    0.5291498622685773,
    0.48735936024665283,
    0.5190264377879051
  ],
  "oof_coverage": 0.7999741902180927,
  "best_params": {
    "objective": "binary",
    "metric": "auc",
    "learning_rate": 0.03,
    "num_leaves": 63,
    "min_data_in_leaf": 50,
    "feature_fraction": 0.9,
    "bagging_fraction": 0.8,
    "bagging_freq": 1,
    "n_estimators": 3000,
    "random_state": 42,
    "n_jobs": -1,
    "verbose": -1
  }
}