{
  "pred_col": "pred_blend",
  "score": 0.6857305182760698,
  "coverage": 0.4574931440554928,
  "params": {
    "coef": 1.2314366416257994,
    "threshold": 0.013671038707554352,
    "decay": 0.2505048666468454,
    "clip_low": 0.0,
    "clip_high": 2.0,
    "min_invest": 0.0,
    "max_invest": 2.0,
    "vol_source": "pred",
    "vol_window": 20,
    "use_regime": true,
    "regime_col": "regime_scale",
    "n_valid": 6199
  },
  "created_at": "2025-12-15T19:03:40.030160Z"
}