{
  "target": "action_1d",
  "n_folds": 4,
  "oof_auc_lgbm": 0.5174945007233409,
  "oof_auc_ae_lgbm": 0.5408015596823181,
  "oof_auc_ae_lr": 0.5290308943773818,
  "oof_auc_blend": 0.5356857536660222,
  "sharpe_oof_proxy": 0.04338527310478464,
  "oof_score_official": 0.5907883132149728,
  "decision_pred_head": "blend",
  "decision_meta": {
    "coef": 1.2314366416257994,
    "decay": 0.2505048666468454,
    "threshold": 0.013671038707554352,
    "clip_low": 0.0,
    "clip_high": 2.0,
    "vol_window": 20,
    "coverage_floor": 0.05,
    "coverage": 0.45120180674302307,
    "regime_enabled": true,
    "oof_score_official": 0.5907883132149728
  },
  "oof_auc": 0.5174945007233409,
  "fold_aucs": [
    0.5310014903411008,
    0.5314124878323947,
    0.5088058119234837,
    0.5323725880521463
  ],
  "oof_coverage": 0.7999741902180927,
  "best_params": {
    "objective": "binary",
    "metric": "auc",
    "learning_rate": 0.02,
    "num_leaves": 48,
    "min_data_in_leaf": 20,
    "feature_fraction": 0.7,
    "bagging_fraction": 0.8,
    "bagging_freq": 1,
    "min_gain_to_split": 0.0001,
    "lambda_l1": 0.05,
    "lambda_l2": 0.05,
    "n_estimators": 3000,
    "random_state": 42,
    "n_jobs": -1,
    "verbose": -1
  }
}