{
  "target": "action_1d",
  "n_folds": 4,
  "oof_auc_lgbm": 0.5343523477237114,
  "oof_auc_ae_lgbm": 0.5371008086534242,
  "oof_auc_ae_lr": 0.5290329753910041,
  "oof_auc_blend": 0.5413084590504975,
  "sharpe_oof_proxy": 0.05699802689995282,
  "oof_score_official": 0.5032340110169671,
  "decision_pred_head": "blend",
  "decision_meta": {
    "mode": "tilt",
    "base": 1.0,
    "coef": 5.0,
    "decay": 0.5,
    "threshold": 0.0,
    "vol_window": 20,
    "clip_low": 0.0,
    "clip_high": 2.0,
    "nonlinear": "tanh",
    "tanh_temp": 0.05,
    "smooth_alpha": 0.0,
    "conf_mode": "none",
    "conf_std_scale": 0.15,
    "conf_gamma": 2.0,
    "coverage_floor": 0.05,
    "active_eps": 0.01,
    "coverage": 1.0,
    "coverage_kind": "active(|pos-base|>eps)",
    "regime_enabled": true,
    "oof_score_official": 0.5032340110169671
  },
  "oof_auc": 0.5343523477237114,
  "fold_aucs": [
    0.5348930640482432,
    0.5444894279543838,
    0.5190796139422875,
    0.5410264085642684
  ],
  "oof_coverage": 0.7999741902180927,
  "best_params": {
    "objective": "binary",
    "metric": "auc",
    "learning_rate": 0.03,
    "num_leaves": 48,
    "min_data_in_leaf": 20,
    "feature_fraction": 0.7,
    "bagging_fraction": 0.8,
    "bagging_freq": 1,
    "min_gain_to_split": 0.0001,
    "lambda_l1": 0.05,
    "lambda_l2": 0.05,
    "n_estimators": 3000,
    "random_state": 42,
    "n_jobs": -1,
    "verbose": -1
  }
}