{
  "target": "action_1d",
  "n_folds": 4,
  "oof_auc_lgbm": 0.5197130701317947,
  "oof_auc_ae_lgbm": 0.5273503601809031,
  "oof_auc_ae_lr": 0.5253900880891728,
  "oof_auc_blend": 0.530735330889374,
  "sharpe_oof_proxy": 0.0464997019781827,
  "decision_pred_head": "blend",
  "decision_meta": {
    "coef": 5.0,
    "decay": 0.5,
    "threshold": 0.0,
    "clip_low": 0.0,
    "clip_high": 2.0,
    "vol_window": 20,
    "coverage_floor": 0.05,
    "coverage": 0.46168736893047263,
    "regime_enabled": true
  },
  "oof_auc": 0.5197130701317947,
  "fold_aucs": [
    0.5187410864056915,
    0.5391653080219095,
    0.5124735151511668,
    0.5210504204179611
  ],
  "oof_coverage": 0.7999741902180927,
  "best_params": {
    "objective": "binary",
    "metric": "auc",
    "learning_rate": 0.03,
    "num_leaves": 48,
    "min_data_in_leaf": 20,
    "feature_fraction": 0.7,
    "bagging_fraction": 0.8,
    "bagging_freq": 1,
    "min_gain_to_split": 0.0001,
    "lambda_l1": 0.05,
    "lambda_l2": 0.05,
    "n_estimators": 3000,
    "random_state": 42,
    "n_jobs": -1,
    "verbose": -1
  }
}