{
  "target": "action_1d",
  "n_folds": 4,
  "oof_auc_lgbm": 0.525654469823344,
  "oof_auc_ae_lgbm": 0.5248862837762405,
  "oof_auc_ae_lr": 0.530183387028108,
  "oof_auc_blend": 0.5326988903425811,
  "sharpe_oof_proxy": 0.043057843608253356,
  "oof_score_official": 0.4064207099602125,
  "decision_pred_head": "blend",
  "decision_meta": {
    "coef": 5.0,
    "decay": 0.5,
    "threshold": 0.0,
    "clip_low": 0.0,
    "clip_high": 2.0,
    "vol_window": 20,
    "coverage_floor": 0.05,
    "coverage": 0.4871753508630424,
    "regime_enabled": true,
    "oof_score_official": 0.4064207099602125
  },
  "oof_auc": 0.525654469823344,
  "fold_aucs": [
    0.5285869927307155,
    0.5361783089169812,
    0.49827799403639983,
    0.5363508730981359
  ],
  "oof_coverage": 0.7999741902180927,
  "best_params": {
    "objective": "binary",
    "metric": "auc",
    "learning_rate": 0.03,
    "num_leaves": 48,
    "min_data_in_leaf": 20,
    "feature_fraction": 0.7,
    "bagging_fraction": 0.8,
    "bagging_freq": 1,
    "min_gain_to_split": 0.0001,
    "lambda_l1": 0.05,
    "lambda_l2": 0.05,
    "n_estimators": 3000,
    "random_state": 42,
    "n_jobs": -1,
    "verbose": -1
  }
}