{
  "pred_col": "pred_blend",
  "official_score": 0.8703687178526732,
  "vol_window": 10,
  "base": 0.16333282162121043,
  "coef": 0.10892705706360212,
  "decay": 0.38363867849537536,
  "threshold": 0.04590833710156213,
  "nonlinear": "tanh",
  "tanh_temp": 0.013079663076519846,
  "smooth_alpha": 0.030741150405751143,
  "conf_std_scale": 0.33259840462020224,
  "conf_gamma": 1.985079161168338,
  "coverage": 0.6199386997902887,
  "pos_mean": 0.3605506122112274
}